{"loss":20.516050695031883,"_wandb":{"runtime":332},"learning_rate":0.001,"_timestamp":1.7378811736477246e+09,"_runtime":327.820287545,"_step":79,"episode":3950,"reward":200}