{"_runtime":328.675620761,"_step":79,"_wandb":{"runtime":333},"episode":3950,"reward":200,"loss":19.68047718733549,"_timestamp":1.7378808114616961e+09}