{"_runtime":315.037809668,"_step":79,"_wandb":{"runtime":319},"episode":3950,"reward":200,"loss":18.521617284566165,"learning_rate":0.001,"_timestamp":1.7378815325258143e+09}