{"_wandb":{"runtime":150},"episode":1950,"reward":200,"loss":18.632709174230694,"_timestamp":1.7378803712299461e+09,"_runtime":146.179939148,"_step":39}