{"_runtime":89.579626907,"_step":121,"episode":1210,"_wandb":{"runtime":90},"reward":200,"loss":4373.106703653932,"_timestamp":1.737880216549585e+09}